rank,uid,title,year,venue,url,problem_claimed,actual_mechanism,hidden_assumptions,variables_treated_as_fixed,failure_modes_ignored,what_it_makes_less_novel,what_it_leaves_open
1,doi:10.54254/2755-2721/2025.ast27134,Integrating Motion Planning in Vision Language Action Agents,2025,Applied and Computational Engineering,https://doi.org/10.54254/2755-2721/2025.ast27134,Addresses abstraction in robot planning or a neighboring robotics mechanism.,"Prior work usually predicts, ranks, filters, or imitates observed behavior rather than preserving unrealized branches.",The observed outcome is enough to supervise the model.,"Contact mode support, embodiment limits, and deployment perturbations.","Branch collapse, hidden-mode shift, and tail-risk planning failures.",Generic world models and generic uncertainty are crowded.,Embodied abstraction failure modes keeps action-critical alternatives explicit until a physical observation collapses them.
2,arxiv:2303.04912v2,Embodied Active Learning of Relational State Abstractions for Bilevel Planning,2023,arXiv,http://arxiv.org/abs/2303.04912v2,Addresses abstraction in robot planning or a neighboring robotics mechanism.,"Prior work usually predicts, ranks, filters, or imitates observed behavior rather than preserving unrealized branches.",The observed outcome is enough to supervise the model.,"Contact mode support, embodiment limits, and deployment perturbations.","Branch collapse, hidden-mode shift, and tail-risk planning failures.",Generic world models and generic uncertainty are crowded.,Embodied abstraction failure modes keeps action-critical alternatives explicit until a physical observation collapses them.
3,arxiv:2410.23156v2,VisualPredicator: Learning Abstract World Models with Neuro-Symbolic Predicates for Robot Planning,2024,arXiv,http://arxiv.org/abs/2410.23156v2,Addresses abstraction in robot planning or a neighboring robotics mechanism.,"Prior work usually predicts, ranks, filters, or imitates observed behavior rather than preserving unrealized branches.",The observed outcome is enough to supervise the model.,"Contact mode support, embodiment limits, and deployment perturbations.","Branch collapse, hidden-mode shift, and tail-risk planning failures.",Generic world models and generic uncertainty are crowded.,Embodied abstraction failure modes keeps action-critical alternatives explicit until a physical observation collapses them.
4,doi:10.66279/292sm294,Vision Language Action Models for Embodied Intelligence A Structured Taxonomy Critical Analysis and Future Research Directions,2026,Computational Discovery and Intelligent Systems (CDIS),https://doi.org/10.66279/292sm294,Addresses abstraction in robot planning or a neighboring robotics mechanism.,"Prior work usually predicts, ranks, filters, or imitates observed behavior rather than preserving unrealized branches.",The observed outcome is enough to supervise the model.,"Contact mode support, embodiment limits, and deployment perturbations.","Branch collapse, hidden-mode shift, and tail-risk planning failures.",Generic world models and generic uncertainty are crowded.,Embodied abstraction failure modes keeps action-critical alternatives explicit until a physical observation collapses them.
5,doi:10.66967/jaics.2026.v2i103,Multimodal AI: PaLM-E’s Role in Vision–Language–Robotics & the Future of Efficient Fine-Tuning,2026,Journal of Artificial Intelligence & Control Systems,https://doi.org/10.66967/jaics.2026.v2i103,Addresses abstraction in robot planning or a neighboring robotics mechanism.,"Prior work usually predicts, ranks, filters, or imitates observed behavior rather than preserving unrealized branches.",The observed outcome is enough to supervise the model.,"Contact mode support, embodiment limits, and deployment perturbations.","Branch collapse, hidden-mode shift, and tail-risk planning failures.",Generic world models and generic uncertainty are crowded.,Embodied abstraction failure modes keeps action-critical alternatives explicit until a physical observation collapses them.
6,arxiv:2512.03913v1,Hierarchical Vision Language Action Model Using Success and Failure Demonstrations,2025,arXiv,http://arxiv.org/abs/2512.03913v1,Addresses abstraction in robot planning or a neighboring robotics mechanism.,"Prior work usually predicts, ranks, filters, or imitates observed behavior rather than preserving unrealized branches.",The observed outcome is enough to supervise the model.,"Contact mode support, embodiment limits, and deployment perturbations.","Branch collapse, hidden-mode shift, and tail-risk planning failures.",Generic world models and generic uncertainty are crowded.,Embodied abstraction failure modes keeps action-critical alternatives explicit until a physical observation collapses them.
7,arxiv:2508.15201v2,Survey of Vision-Language-Action Models for Embodied Manipulation,2025,arXiv,http://arxiv.org/abs/2508.15201v2,Addresses abstraction in robot planning or a neighboring robotics mechanism.,"Prior work usually predicts, ranks, filters, or imitates observed behavior rather than preserving unrealized branches.",The observed outcome is enough to supervise the model.,"Contact mode support, embodiment limits, and deployment perturbations.","Branch collapse, hidden-mode shift, and tail-risk planning failures.",Generic world models and generic uncertainty are crowded.,Embodied abstraction failure modes keeps action-critical alternatives explicit until a physical observation collapses them.
8,arxiv:2512.01946v3,Scaling Cross-Environment Failure Reasoning Data for Vision-Language Robotic Manipulation,2025,arXiv,http://arxiv.org/abs/2512.01946v3,Addresses abstraction in robot planning or a neighboring robotics mechanism.,"Prior work usually predicts, ranks, filters, or imitates observed behavior rather than preserving unrealized branches.",The observed outcome is enough to supervise the model.,"Contact mode support, embodiment limits, and deployment perturbations.","Branch collapse, hidden-mode shift, and tail-risk planning failures.",Generic world models and generic uncertainty are crowded.,Embodied abstraction failure modes keeps action-critical alternatives explicit until a physical observation collapses them.
9,arxiv:2512.02161v1,FineGRAIN: Evaluating Failure Modes of Text-to-Image Models with Vision Language Model Judges,2025,arXiv,http://arxiv.org/abs/2512.02161v1,Addresses abstraction in robot planning or a neighboring robotics mechanism.,"Prior work usually predicts, ranks, filters, or imitates observed behavior rather than preserving unrealized branches.",The observed outcome is enough to supervise the model.,"Contact mode support, embodiment limits, and deployment perturbations.","Branch collapse, hidden-mode shift, and tail-risk planning failures.",Generic world models and generic uncertainty are crowded.,Embodied abstraction failure modes keeps action-critical alternatives explicit until a physical observation collapses them.
10,doi:10.1109/cai68641.2026.11536235,A System-Level Taxonomy of Failure Modes in Large Language Model Applications,2026,2026 IEEE Conference on Artificial Intelligence (CAI),https://doi.org/10.1109/cai68641.2026.11536235,Addresses abstraction in robot planning or a neighboring robotics mechanism.,"Prior work usually predicts, ranks, filters, or imitates observed behavior rather than preserving unrealized branches.",The observed outcome is enough to supervise the model.,"Contact mode support, embodiment limits, and deployment perturbations.","Branch collapse, hidden-mode shift, and tail-risk planning failures.",Generic world models and generic uncertainty are crowded.,Embodied abstraction failure modes keeps action-critical alternatives explicit until a physical observation collapses them.
11,doi:10.1109/iros58592.2024.10801328,LLM 3 : Large Language Model-based Task and Motion Planning with Motion Failure Reasoning,2024,2024 IEEE/RSJ International Conference on Intelligent Robots and Systems (IROS),https://doi.org/10.1109/iros58592.2024.10801328,Addresses abstraction in robot planning or a neighboring robotics mechanism.,"Prior work usually predicts, ranks, filters, or imitates observed behavior rather than preserving unrealized branches.",The observed outcome is enough to supervise the model.,"Contact mode support, embodiment limits, and deployment perturbations.","Branch collapse, hidden-mode shift, and tail-risk planning failures.",Generic world models and generic uncertainty are crowded.,Embodied abstraction failure modes keeps action-critical alternatives explicit until a physical observation collapses them.
12,arxiv:2506.14697v3,AGENTSAFE: Benchmarking the Safety of Embodied Agents on Hazardous Instructions,2025,arXiv,http://arxiv.org/abs/2506.14697v3,Addresses abstraction in robot planning or a neighboring robotics mechanism.,"Prior work usually predicts, ranks, filters, or imitates observed behavior rather than preserving unrealized branches.",The observed outcome is enough to supervise the model.,"Contact mode support, embodiment limits, and deployment perturbations.","Branch collapse, hidden-mode shift, and tail-risk planning failures.",Generic world models and generic uncertainty are crowded.,Embodied abstraction failure modes keeps action-critical alternatives explicit until a physical observation collapses them.
13,arxiv:2006.04194v1,Robotic Motion Planning using Learned Critical Sources and Local Sampling,2020,arXiv,http://arxiv.org/abs/2006.04194v1,Addresses abstraction in robot planning or a neighboring robotics mechanism.,"Prior work usually predicts, ranks, filters, or imitates observed behavior rather than preserving unrealized branches.",The observed outcome is enough to supervise the model.,"Contact mode support, embodiment limits, and deployment perturbations.","Branch collapse, hidden-mode shift, and tail-risk planning failures.",Generic world models and generic uncertainty are crowded.,Embodied abstraction failure modes keeps action-critical alternatives explicit until a physical observation collapses them.
14,doi:10.2139/ssrn.6217819,Inference-Time Governance for Quiet Failure Mitigation in Large Language Model Systems: A Three-Mechanism Architecture,,,https://doi.org/10.2139/ssrn.6217819,Addresses abstraction in robot planning or a neighboring robotics mechanism.,"Prior work usually predicts, ranks, filters, or imitates observed behavior rather than preserving unrealized branches.",The observed outcome is enough to supervise the model.,"Contact mode support, embodiment limits, and deployment perturbations.","Branch collapse, hidden-mode shift, and tail-risk planning failures.",Generic world models and generic uncertainty are crowded.,Embodied abstraction failure modes keeps action-critical alternatives explicit until a physical observation collapses them.
15,doi:10.5210/spir.v2023i0.13518,WEIZENBAUM'S PERFORMANCE AND THEORY MODES: LESSONS FOR CRITICAL ENGAGEMENT WITH LARGE LANGUAGE MODEL CHATBOTS,2023,AoIR Selected Papers of Internet Research,https://doi.org/10.5210/spir.v2023i0.13518,Addresses abstraction in robot planning or a neighboring robotics mechanism.,"Prior work usually predicts, ranks, filters, or imitates observed behavior rather than preserving unrealized branches.",The observed outcome is enough to supervise the model.,"Contact mode support, embodiment limits, and deployment perturbations.","Branch collapse, hidden-mode shift, and tail-risk planning failures.",Generic world models and generic uncertainty are crowded.,Embodied abstraction failure modes keeps action-critical alternatives explicit until a physical observation collapses them.
16,arxiv:2605.12674v1,Revealing Interpretable Failure Modes of VLMs,2026,arXiv,http://arxiv.org/abs/2605.12674v1,Addresses abstraction in robot planning or a neighboring robotics mechanism.,"Prior work usually predicts, ranks, filters, or imitates observed behavior rather than preserving unrealized branches.",The observed outcome is enough to supervise the model.,"Contact mode support, embodiment limits, and deployment perturbations.","Branch collapse, hidden-mode shift, and tail-risk planning failures.",Generic world models and generic uncertainty are crowded.,Embodied abstraction failure modes keeps action-critical alternatives explicit until a physical observation collapses them.
17,doi:10.1109/icra57147.2024.10610434,CoPAL: Corrective Planning of Robot Actions with Large Language Models,2023,arXiv,http://arxiv.org/abs/2310.07263v3,Addresses abstraction in robot planning or a neighboring robotics mechanism.,"Prior work usually predicts, ranks, filters, or imitates observed behavior rather than preserving unrealized branches.",The observed outcome is enough to supervise the model.,"Contact mode support, embodiment limits, and deployment perturbations.","Branch collapse, hidden-mode shift, and tail-risk planning failures.",Generic world models and generic uncertainty are crowded.,Embodied abstraction failure modes keeps action-critical alternatives explicit until a physical observation collapses them.
18,arxiv:2410.04640v2,Unpacking Failure Modes of Generative Policies: Runtime Monitoring of Consistency and Progress,2024,arXiv,http://arxiv.org/abs/2410.04640v2,Addresses abstraction in robot planning or a neighboring robotics mechanism.,"Prior work usually predicts, ranks, filters, or imitates observed behavior rather than preserving unrealized branches.",The observed outcome is enough to supervise the model.,"Contact mode support, embodiment limits, and deployment perturbations.","Branch collapse, hidden-mode shift, and tail-risk planning failures.",Generic world models and generic uncertainty are crowded.,Embodied abstraction failure modes keeps action-critical alternatives explicit until a physical observation collapses them.
19,doi:10.1111/weng.12019,Literary translation as a tool for critical language planning,2013,World Englishes,https://doi.org/10.1111/weng.12019,Addresses abstraction in robot planning or a neighboring robotics mechanism.,"Prior work usually predicts, ranks, filters, or imitates observed behavior rather than preserving unrealized branches.",The observed outcome is enough to supervise the model.,"Contact mode support, embodiment limits, and deployment perturbations.","Branch collapse, hidden-mode shift, and tail-risk planning failures.",Generic world models and generic uncertainty are crowded.,Embodied abstraction failure modes keeps action-critical alternatives explicit until a physical observation collapses them.
20,doi:10.56028/aetr.15.1.1423.2025,RT-2: Vision-Language-Action Models for Generalizable Robotic Control: A Comprehensive Review,2025,Advances in Engineering Technology Research,https://doi.org/10.56028/aetr.15.1.1423.2025,Addresses abstraction in robot planning or a neighboring robotics mechanism.,"Prior work usually predicts, ranks, filters, or imitates observed behavior rather than preserving unrealized branches.",The observed outcome is enough to supervise the model.,"Contact mode support, embodiment limits, and deployment perturbations.","Branch collapse, hidden-mode shift, and tail-risk planning failures.",Generic world models and generic uncertainty are crowded.,Embodied abstraction failure modes keeps action-critical alternatives explicit until a physical observation collapses them.
21,doi:10.1016/j.probengmech.2009.03.005,Probabilistic seismic demand model and fragility estimates for critical failure modes of un-anchored steel storage tanks in petroleum complexes,2009,Probabilistic Engineering Mechanics,https://doi.org/10.1016/j.probengmech.2009.03.005,Addresses abstraction in robot planning or a neighboring robotics mechanism.,"Prior work usually predicts, ranks, filters, or imitates observed behavior rather than preserving unrealized branches.",The observed outcome is enough to supervise the model.,"Contact mode support, embodiment limits, and deployment perturbations.","Branch collapse, hidden-mode shift, and tail-risk planning failures.",Generic world models and generic uncertainty are crowded.,Embodied abstraction failure modes keeps action-critical alternatives explicit until a physical observation collapses them.
22,arxiv:2503.06060v1,STAR: A Foundation Model-driven Framework for Robust Task Planning and Failure Recovery in Robotic Systems,2025,arXiv,http://arxiv.org/abs/2503.06060v1,Addresses abstraction in robot planning or a neighboring robotics mechanism.,"Prior work usually predicts, ranks, filters, or imitates observed behavior rather than preserving unrealized branches.",The observed outcome is enough to supervise the model.,"Contact mode support, embodiment limits, and deployment perturbations.","Branch collapse, hidden-mode shift, and tail-risk planning failures.",Generic world models and generic uncertainty are crowded.,Embodied abstraction failure modes keeps action-critical alternatives explicit until a physical observation collapses them.
23,arxiv:2510.19655v2,LaViRA: Language-Vision-Robot Actions Translation for Zero-Shot Vision Language Navigation in Continuous Environments,2025,arXiv,http://arxiv.org/abs/2510.19655v2,Addresses abstraction in robot planning or a neighboring robotics mechanism.,"Prior work usually predicts, ranks, filters, or imitates observed behavior rather than preserving unrealized branches.",The observed outcome is enough to supervise the model.,"Contact mode support, embodiment limits, and deployment perturbations.","Branch collapse, hidden-mode shift, and tail-risk planning failures.",Generic world models and generic uncertainty are crowded.,Embodied abstraction failure modes keeps action-critical alternatives explicit until a physical observation collapses them.
24,arxiv:2601.15197v7,LangForce: Bayesian Decomposition of Vision Language Action Models via Latent Action Queries,2026,arXiv,http://arxiv.org/abs/2601.15197v7,Addresses abstraction in robot planning or a neighboring robotics mechanism.,"Prior work usually predicts, ranks, filters, or imitates observed behavior rather than preserving unrealized branches.",The observed outcome is enough to supervise the model.,"Contact mode support, embodiment limits, and deployment perturbations.","Branch collapse, hidden-mode shift, and tail-risk planning failures.",Generic world models and generic uncertainty are crowded.,Embodied abstraction failure modes keeps action-critical alternatives explicit until a physical observation collapses them.
25,arxiv:2604.07430v1,HY-Embodied-0.5: Embodied Foundation Models for Real-World Agents,2026,arXiv,http://arxiv.org/abs/2604.07430v1,Addresses abstraction in robot planning or a neighboring robotics mechanism.,"Prior work usually predicts, ranks, filters, or imitates observed behavior rather than preserving unrealized branches.",The observed outcome is enough to supervise the model.,"Contact mode support, embodiment limits, and deployment perturbations.","Branch collapse, hidden-mode shift, and tail-risk planning failures.",Generic world models and generic uncertainty are crowded.,Embodied abstraction failure modes keeps action-critical alternatives explicit until a physical observation collapses them.
26,arxiv:2309.08052v1,A Bayesian approach to breaking things: efficiently predicting and repairing failure modes via sampling,2023,arXiv,http://arxiv.org/abs/2309.08052v1,Addresses abstraction in robot planning or a neighboring robotics mechanism.,"Prior work usually predicts, ranks, filters, or imitates observed behavior rather than preserving unrealized branches.",The observed outcome is enough to supervise the model.,"Contact mode support, embodiment limits, and deployment perturbations.","Branch collapse, hidden-mode shift, and tail-risk planning failures.",Generic world models and generic uncertainty are crowded.,Embodied abstraction failure modes keeps action-critical alternatives explicit until a physical observation collapses them.
27,doi:10.4271/2026-01-0106,AI Powered Failure Mode and Effect Analysis in Safety Critical Industry,2026,SAE Technical Paper Series,https://doi.org/10.4271/2026-01-0106,Addresses abstraction in robot planning or a neighboring robotics mechanism.,"Prior work usually predicts, ranks, filters, or imitates observed behavior rather than preserving unrealized branches.",The observed outcome is enough to supervise the model.,"Contact mode support, embodiment limits, and deployment perturbations.","Branch collapse, hidden-mode shift, and tail-risk planning failures.",Generic world models and generic uncertainty are crowded.,Embodied abstraction failure modes keeps action-critical alternatives explicit until a physical observation collapses them.
28,doi:10.1142/s2972335325500073,STAR: A Foundation Model-Driven Framework for Robust Task Planning and Failure Recovery in Robotic Systems,2025,International Journal of Artificial Intelligence and Robotics Research,https://doi.org/10.1142/s2972335325500073,Addresses abstraction in robot planning or a neighboring robotics mechanism.,"Prior work usually predicts, ranks, filters, or imitates observed behavior rather than preserving unrealized branches.",The observed outcome is enough to supervise the model.,"Contact mode support, embodiment limits, and deployment perturbations.","Branch collapse, hidden-mode shift, and tail-risk planning failures.",Generic world models and generic uncertainty are crowded.,Embodied abstraction failure modes keeps action-critical alternatives explicit until a physical observation collapses them.
29,doi:10.3390/drones9120875,From Prompts to Paths: Large Language Models for Zero-Shot Planning in Unmanned Ground Vehicle Simulation,2025,Drones,https://doi.org/10.3390/drones9120875,Addresses abstraction in robot planning or a neighboring robotics mechanism.,"Prior work usually predicts, ranks, filters, or imitates observed behavior rather than preserving unrealized branches.",The observed outcome is enough to supervise the model.,"Contact mode support, embodiment limits, and deployment perturbations.","Branch collapse, hidden-mode shift, and tail-risk planning failures.",Generic world models and generic uncertainty are crowded.,Embodied abstraction failure modes keeps action-critical alternatives explicit until a physical observation collapses them.
30,arxiv:2604.09580v1,OOWM: Structuring Embodied Reasoning and Planning via Object-Oriented Programmatic World Modeling,2026,arXiv,http://arxiv.org/abs/2604.09580v1,Addresses abstraction in robot planning or a neighboring robotics mechanism.,"Prior work usually predicts, ranks, filters, or imitates observed behavior rather than preserving unrealized branches.",The observed outcome is enough to supervise the model.,"Contact mode support, embodiment limits, and deployment perturbations.","Branch collapse, hidden-mode shift, and tail-risk planning failures.",Generic world models and generic uncertainty are crowded.,Embodied abstraction failure modes keeps action-critical alternatives explicit until a physical observation collapses them.
31,arxiv:2508.13371v1,LOOP: A Plug-and-Play Neuro-Symbolic Framework for Enhancing Planning in Autonomous Systems,2025,arXiv,http://arxiv.org/abs/2508.13371v1,Addresses abstraction in robot planning or a neighboring robotics mechanism.,"Prior work usually predicts, ranks, filters, or imitates observed behavior rather than preserving unrealized branches.",The observed outcome is enough to supervise the model.,"Contact mode support, embodiment limits, and deployment perturbations.","Branch collapse, hidden-mode shift, and tail-risk planning failures.",Generic world models and generic uncertainty are crowded.,Embodied abstraction failure modes keeps action-critical alternatives explicit until a physical observation collapses them.
32,doi:10.3389/frobt.2023.1221739,Learning to reason over scene graphs: a case study of finetuning GPT-2 into a robot language model for grounded task planning,2023,Frontiers in Robotics and AI,https://doi.org/10.3389/frobt.2023.1221739,Addresses abstraction in robot planning or a neighboring robotics mechanism.,"Prior work usually predicts, ranks, filters, or imitates observed behavior rather than preserving unrealized branches.",The observed outcome is enough to supervise the model.,"Contact mode support, embodiment limits, and deployment perturbations.","Branch collapse, hidden-mode shift, and tail-risk planning failures.",Generic world models and generic uncertainty are crowded.,Embodied abstraction failure modes keeps action-critical alternatives explicit until a physical observation collapses them.
33,arxiv:2512.00797v1,Transforming Monolithic Foundation Models into Embodied Multi-Agent Architectures for Human-Robot Collaboration,2025,arXiv,http://arxiv.org/abs/2512.00797v1,Addresses abstraction in robot planning or a neighboring robotics mechanism.,"Prior work usually predicts, ranks, filters, or imitates observed behavior rather than preserving unrealized branches.",The observed outcome is enough to supervise the model.,"Contact mode support, embodiment limits, and deployment perturbations.","Branch collapse, hidden-mode shift, and tail-risk planning failures.",Generic world models and generic uncertainty are crowded.,Embodied abstraction failure modes keeps action-critical alternatives explicit until a physical observation collapses them.
34,arxiv:2312.08820v3,How to Raise a Robot -- A Case for Neuro-Symbolic AI in Constrained Task Planning for Humanoid Assistive Robots,2023,arXiv,http://arxiv.org/abs/2312.08820v3,Addresses abstraction in robot planning or a neighboring robotics mechanism.,"Prior work usually predicts, ranks, filters, or imitates observed behavior rather than preserving unrealized branches.",The observed outcome is enough to supervise the model.,"Contact mode support, embodiment limits, and deployment perturbations.","Branch collapse, hidden-mode shift, and tail-risk planning failures.",Generic world models and generic uncertainty are crowded.,Embodied abstraction failure modes keeps action-critical alternatives explicit until a physical observation collapses them.
35,arxiv:2509.04018v2,FPC-VLA: A Vision-Language-Action Framework with a Supervisor for Failure Prediction and Correction,2025,arXiv,http://arxiv.org/abs/2509.04018v2,Addresses abstraction in robot planning or a neighboring robotics mechanism.,"Prior work usually predicts, ranks, filters, or imitates observed behavior rather than preserving unrealized branches.",The observed outcome is enough to supervise the model.,"Contact mode support, embodiment limits, and deployment perturbations.","Branch collapse, hidden-mode shift, and tail-risk planning failures.",Generic world models and generic uncertainty are crowded.,Embodied abstraction failure modes keeps action-critical alternatives explicit until a physical observation collapses them.
36,doi:10.2139/ssrn.6100046,A Neuro Symbolic Architecture For Induced Epistemic Agency and System 2 Reasoning in Quantized Large Language Models,,,https://doi.org/10.2139/ssrn.6100046,Addresses abstraction in robot planning or a neighboring robotics mechanism.,"Prior work usually predicts, ranks, filters, or imitates observed behavior rather than preserving unrealized branches.",The observed outcome is enough to supervise the model.,"Contact mode support, embodiment limits, and deployment perturbations.","Branch collapse, hidden-mode shift, and tail-risk planning failures.",Generic world models and generic uncertainty are crowded.,Embodied abstraction failure modes keeps action-critical alternatives explicit until a physical observation collapses them.
37,doi:10.18254/s207751800036666-1,PAD-Labeling of User and Embodied Agent Dialogues by a Large Language Model: Analysis of Negative Emotional Interaction Patterns,2025,Artificial societies,https://doi.org/10.18254/s207751800036666-1,Addresses abstraction in robot planning or a neighboring robotics mechanism.,"Prior work usually predicts, ranks, filters, or imitates observed behavior rather than preserving unrealized branches.",The observed outcome is enough to supervise the model.,"Contact mode support, embodiment limits, and deployment perturbations.","Branch collapse, hidden-mode shift, and tail-risk planning failures.",Generic world models and generic uncertainty are crowded.,Embodied abstraction failure modes keeps action-critical alternatives explicit until a physical observation collapses them.
38,doi:10.21203/rs.3.rs-9879030/v1,Bridging Large Language Models and ConstrainedReinforcement Learning for Dynamic Itinerary Planning: An Application to Safety-Critical Ice--Snow Sports Tourism,,,https://doi.org/10.21203/rs.3.rs-9879030/v1,Addresses abstraction in robot planning or a neighboring robotics mechanism.,"Prior work usually predicts, ranks, filters, or imitates observed behavior rather than preserving unrealized branches.",The observed outcome is enough to supervise the model.,"Contact mode support, embodiment limits, and deployment perturbations.","Branch collapse, hidden-mode shift, and tail-risk planning failures.",Generic world models and generic uncertainty are crowded.,Embodied abstraction failure modes keeps action-critical alternatives explicit until a physical observation collapses them.
39,doi:10.3389/fnbot.2024.1342786,A framework for neurosymbolic robot action planning using large language models,2024,Frontiers in Neurorobotics,https://doi.org/10.3389/fnbot.2024.1342786,Addresses abstraction in robot planning or a neighboring robotics mechanism.,"Prior work usually predicts, ranks, filters, or imitates observed behavior rather than preserving unrealized branches.",The observed outcome is enough to supervise the model.,"Contact mode support, embodiment limits, and deployment perturbations.","Branch collapse, hidden-mode shift, and tail-risk planning failures.",Generic world models and generic uncertainty are crowded.,Embodied abstraction failure modes keeps action-critical alternatives explicit until a physical observation collapses them.
40,arxiv:2309.10062v2,SMART-LLM: Smart Multi-Agent Robot Task Planning using Large Language Models,2023,arXiv,http://arxiv.org/abs/2309.10062v2,Addresses abstraction in robot planning or a neighboring robotics mechanism.,"Prior work usually predicts, ranks, filters, or imitates observed behavior rather than preserving unrealized branches.",The observed outcome is enough to supervise the model.,"Contact mode support, embodiment limits, and deployment perturbations.","Branch collapse, hidden-mode shift, and tail-risk planning failures.",Generic world models and generic uncertainty are crowded.,Embodied abstraction failure modes keeps action-critical alternatives explicit until a physical observation collapses them.
41,doi:10.1109/icra55743.2025.11128705,Guiding Long-Horizon Task and Motion Planning with Vision Language Models,2025,2025 IEEE International Conference on Robotics and Automation (ICRA),https://doi.org/10.1109/icra55743.2025.11128705,Addresses abstraction in robot planning or a neighboring robotics mechanism.,"Prior work usually predicts, ranks, filters, or imitates observed behavior rather than preserving unrealized branches.",The observed outcome is enough to supervise the model.,"Contact mode support, embodiment limits, and deployment perturbations.","Branch collapse, hidden-mode shift, and tail-risk planning failures.",Generic world models and generic uncertainty are crowded.,Embodied abstraction failure modes keeps action-critical alternatives explicit until a physical observation collapses them.
42,doi:10.24963/ijcai.2025/682,Breaking the Self-Evaluation Barrier: Reinforced Neuro-Symbolic Planning with Large Language Models,2025,Proceedings of the Thirty-Fourth International Joint Conference on Artificial Intelligence,https://doi.org/10.24963/ijcai.2025/682,Addresses abstraction in robot planning or a neighboring robotics mechanism.,"Prior work usually predicts, ranks, filters, or imitates observed behavior rather than preserving unrealized branches.",The observed outcome is enough to supervise the model.,"Contact mode support, embodiment limits, and deployment perturbations.","Branch collapse, hidden-mode shift, and tail-risk planning failures.",Generic world models and generic uncertainty are crowded.,Embodied abstraction failure modes keeps action-critical alternatives explicit until a physical observation collapses them.
43,doi:10.52202/075280-3320,On the Planning Abilities of Large Language Models - A Critical Investigation,2023,Advances in Neural Information Processing Systems 36,https://doi.org/10.52202/075280-3320,Addresses abstraction in robot planning or a neighboring robotics mechanism.,"Prior work usually predicts, ranks, filters, or imitates observed behavior rather than preserving unrealized branches.",The observed outcome is enough to supervise the model.,"Contact mode support, embodiment limits, and deployment perturbations.","Branch collapse, hidden-mode shift, and tail-risk planning failures.",Generic world models and generic uncertainty are crowded.,Embodied abstraction failure modes keeps action-critical alternatives explicit until a physical observation collapses them.
44,doi:10.1609/aaai.v39i9.32992,PlanLLM: Video Procedure Planning with Refinable Large Language Models,2025,Proceedings of the AAAI Conference on Artificial Intelligence,https://doi.org/10.1609/aaai.v39i9.32992,Addresses abstraction in robot planning or a neighboring robotics mechanism.,"Prior work usually predicts, ranks, filters, or imitates observed behavior rather than preserving unrealized branches.",The observed outcome is enough to supervise the model.,"Contact mode support, embodiment limits, and deployment perturbations.","Branch collapse, hidden-mode shift, and tail-risk planning failures.",Generic world models and generic uncertainty are crowded.,Embodied abstraction failure modes keeps action-critical alternatives explicit until a physical observation collapses them.
45,doi:10.1007/978-3-031-22315-0_2,Critical Empirical Approaches in Language Policy and Planning,2023,Epistemological and Theoretical Foundations in Language Policy and Planning,https://doi.org/10.1007/978-3-031-22315-0_2,Addresses abstraction in robot planning or a neighboring robotics mechanism.,"Prior work usually predicts, ranks, filters, or imitates observed behavior rather than preserving unrealized branches.",The observed outcome is enough to supervise the model.,"Contact mode support, embodiment limits, and deployment perturbations.","Branch collapse, hidden-mode shift, and tail-risk planning failures.",Generic world models and generic uncertainty are crowded.,Embodied abstraction failure modes keeps action-critical alternatives explicit until a physical observation collapses them.
46,doi:10.3390/sym18030394,PI-VLA: Adaptive Symmetry-Aware Decision-Making for Long-Horizon Vision–Language–Action Manipulation,2026,Symmetry,https://doi.org/10.3390/sym18030394,Addresses abstraction in robot planning or a neighboring robotics mechanism.,"Prior work usually predicts, ranks, filters, or imitates observed behavior rather than preserving unrealized branches.",The observed outcome is enough to supervise the model.,"Contact mode support, embodiment limits, and deployment perturbations.","Branch collapse, hidden-mode shift, and tail-risk planning failures.",Generic world models and generic uncertainty are crowded.,Embodied abstraction failure modes keeps action-critical alternatives explicit until a physical observation collapses them.
47,doi:10.24963/ijcai.2024/682,Breaking the Self-Evaluation Barrier: Reinforced Neuro-Symbolic Planning with Large Language Models,2024,Proceedings of the Thirty-ThirdInternational Joint Conference on Artificial Intelligence,https://doi.org/10.24963/ijcai.2024/682,Addresses abstraction in robot planning or a neighboring robotics mechanism.,"Prior work usually predicts, ranks, filters, or imitates observed behavior rather than preserving unrealized branches.",The observed outcome is enough to supervise the model.,"Contact mode support, embodiment limits, and deployment perturbations.","Branch collapse, hidden-mode shift, and tail-risk planning failures.",Generic world models and generic uncertainty are crowded.,Embodied abstraction failure modes keeps action-critical alternatives explicit until a physical observation collapses them.
48,doi:10.1609/aaai.v40i8.37577,TCoT: Trajectory Chain-of-Thoughts for Robotic Manipulation with Failure Recovery in Vision-Language-Action Model,2026,Proceedings of the AAAI Conference on Artificial Intelligence,https://doi.org/10.1609/aaai.v40i8.37577,Addresses abstraction in robot planning or a neighboring robotics mechanism.,"Prior work usually predicts, ranks, filters, or imitates observed behavior rather than preserving unrealized branches.",The observed outcome is enough to supervise the model.,"Contact mode support, embodiment limits, and deployment perturbations.","Branch collapse, hidden-mode shift, and tail-risk planning failures.",Generic world models and generic uncertainty are crowded.,Embodied abstraction failure modes keeps action-critical alternatives explicit until a physical observation collapses them.
49,doi:10.3390/s26072022,"Large-Scale Model-Enhanced Vision-Language Navigation: Recent Advances, Practical Applications, and Future Challenges",2026,Sensors,https://doi.org/10.3390/s26072022,Addresses abstraction in robot planning or a neighboring robotics mechanism.,"Prior work usually predicts, ranks, filters, or imitates observed behavior rather than preserving unrealized branches.",The observed outcome is enough to supervise the model.,"Contact mode support, embodiment limits, and deployment perturbations.","Branch collapse, hidden-mode shift, and tail-risk planning failures.",Generic world models and generic uncertainty are crowded.,Embodied abstraction failure modes keeps action-critical alternatives explicit until a physical observation collapses them.
50,doi:10.24963/ijcai.2018/674,Admissible Abstractions for Near-optimal Task and Motion Planning,2018,Proceedings of the Twenty-Seventh International Joint Conference on Artificial Intelligence,https://doi.org/10.24963/ijcai.2018/674,Addresses abstraction in robot planning or a neighboring robotics mechanism.,"Prior work usually predicts, ranks, filters, or imitates observed behavior rather than preserving unrealized branches.",The observed outcome is enough to supervise the model.,"Contact mode support, embodiment limits, and deployment perturbations.","Branch collapse, hidden-mode shift, and tail-risk planning failures.",Generic world models and generic uncertainty are crowded.,Embodied abstraction failure modes keeps action-critical alternatives explicit until a physical observation collapses them.
51,doi:10.1177/23998083251382381,Automating urban policy extraction: A large language model-based framework for extracting local heat policies from planning documents,2025,Environment and Planning B: Urban Analytics and City Science,https://doi.org/10.1177/23998083251382381,Addresses abstraction in robot planning or a neighboring robotics mechanism.,"Prior work usually predicts, ranks, filters, or imitates observed behavior rather than preserving unrealized branches.",The observed outcome is enough to supervise the model.,"Contact mode support, embodiment limits, and deployment perturbations.","Branch collapse, hidden-mode shift, and tail-risk planning failures.",Generic world models and generic uncertainty are crowded.,Embodied abstraction failure modes keeps action-critical alternatives explicit until a physical observation collapses them.
52,doi:10.55214/2576-8484.v10i3.12519,Software requirements analysis with large language model based artificial intelligence aid,2026,Edelweiss Applied Science and Technology,https://doi.org/10.55214/2576-8484.v10i3.12519,Addresses abstraction in robot planning or a neighboring robotics mechanism.,"Prior work usually predicts, ranks, filters, or imitates observed behavior rather than preserving unrealized branches.",The observed outcome is enough to supervise the model.,"Contact mode support, embodiment limits, and deployment perturbations.","Branch collapse, hidden-mode shift, and tail-risk planning failures.",Generic world models and generic uncertainty are crowded.,Embodied abstraction failure modes keeps action-critical alternatives explicit until a physical observation collapses them.
53,doi:10.3390/robotics14030024,Agentic Workflows for Improving Large Language Model Reasoning in Robotic Object-Centered Planning,2025,Robotics,https://doi.org/10.3390/robotics14030024,Addresses abstraction in robot planning or a neighboring robotics mechanism.,"Prior work usually predicts, ranks, filters, or imitates observed behavior rather than preserving unrealized branches.",The observed outcome is enough to supervise the model.,"Contact mode support, embodiment limits, and deployment perturbations.","Branch collapse, hidden-mode shift, and tail-risk planning failures.",Generic world models and generic uncertainty are crowded.,Embodied abstraction failure modes keeps action-critical alternatives explicit until a physical observation collapses them.
54,doi:10.1080/00401706.2012.707579,Planning of Accelerated Life Tests With Dependent Failure Modes Based on a Gamma Frailty Model,2012,Technometrics,https://doi.org/10.1080/00401706.2012.707579,Addresses abstraction in robot planning or a neighboring robotics mechanism.,"Prior work usually predicts, ranks, filters, or imitates observed behavior rather than preserving unrealized branches.",The observed outcome is enough to supervise the model.,"Contact mode support, embodiment limits, and deployment perturbations.","Branch collapse, hidden-mode shift, and tail-risk planning failures.",Generic world models and generic uncertainty are crowded.,Embodied abstraction failure modes keeps action-critical alternatives explicit until a physical observation collapses them.
55,arxiv:2603.00876v2,BioProAgent: Neuro-Symbolic Grounding for Constrained Scientific Planning,2026,arXiv,http://arxiv.org/abs/2603.00876v2,Addresses abstraction in robot planning or a neighboring robotics mechanism.,"Prior work usually predicts, ranks, filters, or imitates observed behavior rather than preserving unrealized branches.",The observed outcome is enough to supervise the model.,"Contact mode support, embodiment limits, and deployment perturbations.","Branch collapse, hidden-mode shift, and tail-risk planning failures.",Generic world models and generic uncertainty are crowded.,Embodied abstraction failure modes keeps action-critical alternatives explicit until a physical observation collapses them.
56,arxiv:2506.22827v3,Hierarchical Vision-Language Planning for Multi-Step Humanoid Manipulation,2025,arXiv,http://arxiv.org/abs/2506.22827v3,Addresses abstraction in robot planning or a neighboring robotics mechanism.,"Prior work usually predicts, ranks, filters, or imitates observed behavior rather than preserving unrealized branches.",The observed outcome is enough to supervise the model.,"Contact mode support, embodiment limits, and deployment perturbations.","Branch collapse, hidden-mode shift, and tail-risk planning failures.",Generic world models and generic uncertainty are crowded.,Embodied abstraction failure modes keeps action-critical alternatives explicit until a physical observation collapses them.
57,arxiv:2602.03973v1,VLS: Steering Pretrained Robot Policies via Vision-Language Models,2026,arXiv,http://arxiv.org/abs/2602.03973v1,Addresses abstraction in robot planning or a neighboring robotics mechanism.,"Prior work usually predicts, ranks, filters, or imitates observed behavior rather than preserving unrealized branches.",The observed outcome is enough to supervise the model.,"Contact mode support, embodiment limits, and deployment perturbations.","Branch collapse, hidden-mode shift, and tail-risk planning failures.",Generic world models and generic uncertainty are crowded.,Embodied abstraction failure modes keeps action-critical alternatives explicit until a physical observation collapses them.
58,arxiv:2506.20566v1,HRIBench: Benchmarking Vision-Language Models for Real-Time Human Perception in Human-Robot Interaction,2025,arXiv,http://arxiv.org/abs/2506.20566v1,Addresses abstraction in robot planning or a neighboring robotics mechanism.,"Prior work usually predicts, ranks, filters, or imitates observed behavior rather than preserving unrealized branches.",The observed outcome is enough to supervise the model.,"Contact mode support, embodiment limits, and deployment perturbations.","Branch collapse, hidden-mode shift, and tail-risk planning failures.",Generic world models and generic uncertainty are crowded.,Embodied abstraction failure modes keeps action-critical alternatives explicit until a physical observation collapses them.
59,arxiv:2603.12510v3,Red-Teaming Vision-Language-Action Models via Quality Diversity Prompt Generation for Robust Robot Policies,2026,arXiv,http://arxiv.org/abs/2603.12510v3,Addresses abstraction in robot planning or a neighboring robotics mechanism.,"Prior work usually predicts, ranks, filters, or imitates observed behavior rather than preserving unrealized branches.",The observed outcome is enough to supervise the model.,"Contact mode support, embodiment limits, and deployment perturbations.","Branch collapse, hidden-mode shift, and tail-risk planning failures.",Generic world models and generic uncertainty are crowded.,Embodied abstraction failure modes keeps action-critical alternatives explicit until a physical observation collapses them.
60,doi:10.1109/icra57147.2024.10610065,ISR-LLM: Iterative Self-Refined Large Language Model for Long-Horizon Sequential Task Planning,2024,2024 IEEE International Conference on Robotics and Automation (ICRA),https://doi.org/10.1109/icra57147.2024.10610065,Addresses abstraction in robot planning or a neighboring robotics mechanism.,"Prior work usually predicts, ranks, filters, or imitates observed behavior rather than preserving unrealized branches.",The observed outcome is enough to supervise the model.,"Contact mode support, embodiment limits, and deployment perturbations.","Branch collapse, hidden-mode shift, and tail-risk planning failures.",Generic world models and generic uncertainty are crowded.,Embodied abstraction failure modes keeps action-critical alternatives explicit until a physical observation collapses them.
61,doi:10.1515/ijsl-2016-0055,Language planning for Malay in Malaysia: A case of failure or success?,2017,International Journal of the Sociology of Language,https://doi.org/10.1515/ijsl-2016-0055,Addresses abstraction in robot planning or a neighboring robotics mechanism.,"Prior work usually predicts, ranks, filters, or imitates observed behavior rather than preserving unrealized branches.",The observed outcome is enough to supervise the model.,"Contact mode support, embodiment limits, and deployment perturbations.","Branch collapse, hidden-mode shift, and tail-risk planning failures.",Generic world models and generic uncertainty are crowded.,Embodied abstraction failure modes keeps action-critical alternatives explicit until a physical observation collapses them.
62,arxiv:2507.07620v4,ViLU: Learning Vision-Language Uncertainties for Failure Prediction,2025,arXiv,http://arxiv.org/abs/2507.07620v4,Addresses abstraction in robot planning or a neighboring robotics mechanism.,"Prior work usually predicts, ranks, filters, or imitates observed behavior rather than preserving unrealized branches.",The observed outcome is enough to supervise the model.,"Contact mode support, embodiment limits, and deployment perturbations.","Branch collapse, hidden-mode shift, and tail-risk planning failures.",Generic world models and generic uncertainty are crowded.,Embodied abstraction failure modes keeps action-critical alternatives explicit until a physical observation collapses them.
63,arxiv:2604.16677v1,ReconVLA: An Uncertainty-Guided and Failure-Aware Vision-Language-Action Framework for Robotic Control,2026,arXiv,http://arxiv.org/abs/2604.16677v1,Addresses abstraction in robot planning or a neighboring robotics mechanism.,"Prior work usually predicts, ranks, filters, or imitates observed behavior rather than preserving unrealized branches.",The observed outcome is enough to supervise the model.,"Contact mode support, embodiment limits, and deployment perturbations.","Branch collapse, hidden-mode shift, and tail-risk planning failures.",Generic world models and generic uncertainty are crowded.,Embodied abstraction failure modes keeps action-critical alternatives explicit until a physical observation collapses them.
64,arxiv:2311.00967v2,Vision-Language Interpreter for Robot Task Planning,2023,arXiv,http://arxiv.org/abs/2311.00967v2,Addresses abstraction in robot planning or a neighboring robotics mechanism.,"Prior work usually predicts, ranks, filters, or imitates observed behavior rather than preserving unrealized branches.",The observed outcome is enough to supervise the model.,"Contact mode support, embodiment limits, and deployment perturbations.","Branch collapse, hidden-mode shift, and tail-risk planning failures.",Generic world models and generic uncertainty are crowded.,Embodied abstraction failure modes keeps action-critical alternatives explicit until a physical observation collapses them.
65,arxiv:2411.18711v4,Evaluating Vision-Language Models as Evaluators in Path Planning,2024,arXiv,http://arxiv.org/abs/2411.18711v4,Addresses abstraction in robot planning or a neighboring robotics mechanism.,"Prior work usually predicts, ranks, filters, or imitates observed behavior rather than preserving unrealized branches.",The observed outcome is enough to supervise the model.,"Contact mode support, embodiment limits, and deployment perturbations.","Branch collapse, hidden-mode shift, and tail-risk planning failures.",Generic world models and generic uncertainty are crowded.,Embodied abstraction failure modes keeps action-critical alternatives explicit until a physical observation collapses them.
66,arxiv:2402.11871v6,From Real World to Logic and Back: Learning Generalizable Relational Concepts For Long Horizon Robot Planning,2024,arXiv,http://arxiv.org/abs/2402.11871v6,Addresses abstraction in robot planning or a neighboring robotics mechanism.,"Prior work usually predicts, ranks, filters, or imitates observed behavior rather than preserving unrealized branches.",The observed outcome is enough to supervise the model.,"Contact mode support, embodiment limits, and deployment perturbations.","Branch collapse, hidden-mode shift, and tail-risk planning failures.",Generic world models and generic uncertainty are crowded.,Embodied abstraction failure modes keeps action-critical alternatives explicit until a physical observation collapses them.
67,doi:10.3390/s26113541,Sensing the Action: Rethinking Sensor Modalities and Multi-Modal Fusion in Vision–Language–Action Models for Robotic Manipulation,2026,Sensors,https://doi.org/10.3390/s26113541,Addresses abstraction in robot planning or a neighboring robotics mechanism.,"Prior work usually predicts, ranks, filters, or imitates observed behavior rather than preserving unrealized branches.",The observed outcome is enough to supervise the model.,"Contact mode support, embodiment limits, and deployment perturbations.","Branch collapse, hidden-mode shift, and tail-risk planning failures.",Generic world models and generic uncertainty are crowded.,Embodied abstraction failure modes keeps action-critical alternatives explicit until a physical observation collapses them.
68,doi:10.1093/oxfordhb/9780190458898.013.2,Research Methods in Language Policy and Planning,2018,Oxford Handbooks Online,https://doi.org/10.1093/oxfordhb/9780190458898.013.2,Addresses abstraction in robot planning or a neighboring robotics mechanism.,"Prior work usually predicts, ranks, filters, or imitates observed behavior rather than preserving unrealized branches.",The observed outcome is enough to supervise the model.,"Contact mode support, embodiment limits, and deployment perturbations.","Branch collapse, hidden-mode shift, and tail-risk planning failures.",Generic world models and generic uncertainty are crowded.,Embodied abstraction failure modes keeps action-critical alternatives explicit until a physical observation collapses them.
69,doi:10.1016/j.robot.2017.10.012,"Integrating multi-purpose natural language understanding, robot’s memory, and symbolic planning for task execution in humanoid robots",2018,Robotics and Autonomous Systems,https://doi.org/10.1016/j.robot.2017.10.012,Addresses abstraction in robot planning or a neighboring robotics mechanism.,"Prior work usually predicts, ranks, filters, or imitates observed behavior rather than preserving unrealized branches.",The observed outcome is enough to supervise the model.,"Contact mode support, embodiment limits, and deployment perturbations.","Branch collapse, hidden-mode shift, and tail-risk planning failures.",Generic world models and generic uncertainty are crowded.,Embodied abstraction failure modes keeps action-critical alternatives explicit until a physical observation collapses them.
70,arxiv:2203.15107v1,Motion Planning for Agile Legged Locomotion using Failure Margin Constraints,2022,arXiv,http://arxiv.org/abs/2203.15107v1,Addresses abstraction in robot planning or a neighboring robotics mechanism.,"Prior work usually predicts, ranks, filters, or imitates observed behavior rather than preserving unrealized branches.",The observed outcome is enough to supervise the model.,"Contact mode support, embodiment limits, and deployment perturbations.","Branch collapse, hidden-mode shift, and tail-risk planning failures.",Generic world models and generic uncertainty are crowded.,Embodied abstraction failure modes keeps action-critical alternatives explicit until a physical observation collapses them.
71,doi:10.3390/su18104683,Sustainable Transportation Decision-Making Enabled by Specialized Large Language Models: A Supervised Fine-Tuning Framework for Route Planning,2026,Sustainability,https://doi.org/10.3390/su18104683,Addresses abstraction in robot planning or a neighboring robotics mechanism.,"Prior work usually predicts, ranks, filters, or imitates observed behavior rather than preserving unrealized branches.",The observed outcome is enough to supervise the model.,"Contact mode support, embodiment limits, and deployment perturbations.","Branch collapse, hidden-mode shift, and tail-risk planning failures.",Generic world models and generic uncertainty are crowded.,Embodied abstraction failure modes keeps action-critical alternatives explicit until a physical observation collapses them.
72,doi:10.3389/fdgth.2026.1730457,Designing and evaluating large language model-enabled clinical decision support for heart failure: a modular and risk-tiered framework,2026,Frontiers in Digital Health,https://doi.org/10.3389/fdgth.2026.1730457,Addresses abstraction in robot planning or a neighboring robotics mechanism.,"Prior work usually predicts, ranks, filters, or imitates observed behavior rather than preserving unrealized branches.",The observed outcome is enough to supervise the model.,"Contact mode support, embodiment limits, and deployment perturbations.","Branch collapse, hidden-mode shift, and tail-risk planning failures.",Generic world models and generic uncertainty are crowded.,Embodied abstraction failure modes keeps action-critical alternatives explicit until a physical observation collapses them.
73,doi:10.2139/ssrn.6461838,Complexity-Aware In-Context Retrieval for Reliable Large Language Model Execution in Tabular Data Analytics,,,https://doi.org/10.2139/ssrn.6461838,Addresses abstraction in robot planning or a neighboring robotics mechanism.,"Prior work usually predicts, ranks, filters, or imitates observed behavior rather than preserving unrealized branches.",The observed outcome is enough to supervise the model.,"Contact mode support, embodiment limits, and deployment perturbations.","Branch collapse, hidden-mode shift, and tail-risk planning failures.",Generic world models and generic uncertainty are crowded.,Embodied abstraction failure modes keeps action-critical alternatives explicit until a physical observation collapses them.
74,doi:10.1101/2024.04.17.24305971,Can Large Language Models Provide Emergency Medical Help Where There Is No Ambulance? A Comparative Study on Large Language Model Understanding of Emergency Medical Scenarios in Resource-Constrained Settings,,,https://doi.org/10.1101/2024.04.17.24305971,Addresses abstraction in robot planning or a neighboring robotics mechanism.,"Prior work usually predicts, ranks, filters, or imitates observed behavior rather than preserving unrealized branches.",The observed outcome is enough to supervise the model.,"Contact mode support, embodiment limits, and deployment perturbations.","Branch collapse, hidden-mode shift, and tail-risk planning failures.",Generic world models and generic uncertainty are crowded.,Embodied abstraction failure modes keeps action-critical alternatives explicit until a physical observation collapses them.
75,doi:10.1109/icra57147.2024.10611112,Vision-Language Interpreter for Robot Task Planning,2024,2024 IEEE International Conference on Robotics and Automation (ICRA),https://doi.org/10.1109/icra57147.2024.10611112,Addresses abstraction in robot planning or a neighboring robotics mechanism.,"Prior work usually predicts, ranks, filters, or imitates observed behavior rather than preserving unrealized branches.",The observed outcome is enough to supervise the model.,"Contact mode support, embodiment limits, and deployment perturbations.","Branch collapse, hidden-mode shift, and tail-risk planning failures.",Generic world models and generic uncertainty are crowded.,Embodied abstraction failure modes keeps action-critical alternatives explicit until a physical observation collapses them.
76,arxiv:2509.21797v3,MoWM: Mixture-of-World-Models for Embodied Planning via Latent-to-Pixel Feature Modulation,2025,arXiv,http://arxiv.org/abs/2509.21797v3,Addresses abstraction in robot planning or a neighboring robotics mechanism.,"Prior work usually predicts, ranks, filters, or imitates observed behavior rather than preserving unrealized branches.",The observed outcome is enough to supervise the model.,"Contact mode support, embodiment limits, and deployment perturbations.","Branch collapse, hidden-mode shift, and tail-risk planning failures.",Generic world models and generic uncertainty are crowded.,Embodied abstraction failure modes keeps action-critical alternatives explicit until a physical observation collapses them.
77,doi:10.1016/j.ress.2026.112890,Cascading failure analysis of critical infrastructure in conflict zones: a large language model-driven knowledge graph framework,2026,Reliability Engineering & System Safety,https://doi.org/10.1016/j.ress.2026.112890,Addresses abstraction in robot planning or a neighboring robotics mechanism.,"Prior work usually predicts, ranks, filters, or imitates observed behavior rather than preserving unrealized branches.",The observed outcome is enough to supervise the model.,"Contact mode support, embodiment limits, and deployment perturbations.","Branch collapse, hidden-mode shift, and tail-risk planning failures.",Generic world models and generic uncertainty are crowded.,Embodied abstraction failure modes keeps action-critical alternatives explicit until a physical observation collapses them.
78,arxiv:2505.10547v2,Real-Time Out-of-Distribution Failure Prevention via Multi-Modal Reasoning,2025,arXiv,http://arxiv.org/abs/2505.10547v2,Addresses abstraction in robot planning or a neighboring robotics mechanism.,"Prior work usually predicts, ranks, filters, or imitates observed behavior rather than preserving unrealized branches.",The observed outcome is enough to supervise the model.,"Contact mode support, embodiment limits, and deployment perturbations.","Branch collapse, hidden-mode shift, and tail-risk planning failures.",Generic world models and generic uncertainty are crowded.,Embodied abstraction failure modes keeps action-critical alternatives explicit until a physical observation collapses them.
79,arxiv:2605.08434v2,Failing Forward: Adaptive Failure-Informed Learning for Vision-Language-Action Models,2026,arXiv,http://arxiv.org/abs/2605.08434v2,Addresses abstraction in robot planning or a neighboring robotics mechanism.,"Prior work usually predicts, ranks, filters, or imitates observed behavior rather than preserving unrealized branches.",The observed outcome is enough to supervise the model.,"Contact mode support, embodiment limits, and deployment perturbations.","Branch collapse, hidden-mode shift, and tail-risk planning failures.",Generic world models and generic uncertainty are crowded.,Embodied abstraction failure modes keeps action-critical alternatives explicit until a physical observation collapses them.
80,doi:10.1609/aaai.v40i22.38886,NaVLA$^2$: A Vision-Language-Audio-Action Model for Multimodal Instruction Navigation,2026,Proceedings of the AAAI Conference on Artificial Intelligence,https://doi.org/10.1609/aaai.v40i22.38886,Addresses abstraction in robot planning or a neighboring robotics mechanism.,"Prior work usually predicts, ranks, filters, or imitates observed behavior rather than preserving unrealized branches.",The observed outcome is enough to supervise the model.,"Contact mode support, embodiment limits, and deployment perturbations.","Branch collapse, hidden-mode shift, and tail-risk planning failures.",Generic world models and generic uncertainty are crowded.,Embodied abstraction failure modes keeps action-critical alternatives explicit until a physical observation collapses them.
81,doi:10.3390/aerospace10030219,Deep Reinforcement Learning-Based Failure-Safe Motion Planning for a 4-Wheeled 2-Steering Lunar Rover,2023,Aerospace,https://doi.org/10.3390/aerospace10030219,Addresses abstraction in robot planning or a neighboring robotics mechanism.,"Prior work usually predicts, ranks, filters, or imitates observed behavior rather than preserving unrealized branches.",The observed outcome is enough to supervise the model.,"Contact mode support, embodiment limits, and deployment perturbations.","Branch collapse, hidden-mode shift, and tail-risk planning failures.",Generic world models and generic uncertainty are crowded.,Embodied abstraction failure modes keeps action-critical alternatives explicit until a physical observation collapses them.
82,doi:10.1111/flan.12497,Critical language awareness and L2 learners of Spanish: An action‐research study,2020,Foreign Language Annals,https://doi.org/10.1111/flan.12497,Addresses abstraction in robot planning or a neighboring robotics mechanism.,"Prior work usually predicts, ranks, filters, or imitates observed behavior rather than preserving unrealized branches.",The observed outcome is enough to supervise the model.,"Contact mode support, embodiment limits, and deployment perturbations.","Branch collapse, hidden-mode shift, and tail-risk planning failures.",Generic world models and generic uncertainty are crowded.,Embodied abstraction failure modes keeps action-critical alternatives explicit until a physical observation collapses them.
83,doi:10.33162/jar.2020.12.20.4.302,Software Failure Mode and Effect Analysis for Identifying Critical Failure Modes,2020,Journal of Applied Reliability,https://doi.org/10.33162/jar.2020.12.20.4.302,Addresses abstraction in robot planning or a neighboring robotics mechanism.,"Prior work usually predicts, ranks, filters, or imitates observed behavior rather than preserving unrealized branches.",The observed outcome is enough to supervise the model.,"Contact mode support, embodiment limits, and deployment perturbations.","Branch collapse, hidden-mode shift, and tail-risk planning failures.",Generic world models and generic uncertainty are crowded.,Embodied abstraction failure modes keeps action-critical alternatives explicit until a physical observation collapses them.
84,doi:10.1109/icra57147.2024.10610599,Optimal Scene Graph Planning with Large Language Model Guidance,2024,2024 IEEE International Conference on Robotics and Automation (ICRA),https://doi.org/10.1109/icra57147.2024.10610599,Addresses abstraction in robot planning or a neighboring robotics mechanism.,"Prior work usually predicts, ranks, filters, or imitates observed behavior rather than preserving unrealized branches.",The observed outcome is enough to supervise the model.,"Contact mode support, embodiment limits, and deployment perturbations.","Branch collapse, hidden-mode shift, and tail-risk planning failures.",Generic world models and generic uncertainty are crowded.,Embodied abstraction failure modes keeps action-critical alternatives explicit until a physical observation collapses them.
85,arxiv:2602.11291v2,H-WM: Robotic Task and Motion Planning Guided by Hierarchical World Model,2026,arXiv,http://arxiv.org/abs/2602.11291v2,Addresses abstraction in robot planning or a neighboring robotics mechanism.,"Prior work usually predicts, ranks, filters, or imitates observed behavior rather than preserving unrealized branches.",The observed outcome is enough to supervise the model.,"Contact mode support, embodiment limits, and deployment perturbations.","Branch collapse, hidden-mode shift, and tail-risk planning failures.",Generic world models and generic uncertainty are crowded.,Embodied abstraction failure modes keeps action-critical alternatives explicit until a physical observation collapses them.
86,arxiv:2603.14523v1,VLA-Thinker: Boosting Vision-Language-Action Models through Thinking-with-Image Reasoning,2026,arXiv,http://arxiv.org/abs/2603.14523v1,Addresses abstraction in robot planning or a neighboring robotics mechanism.,"Prior work usually predicts, ranks, filters, or imitates observed behavior rather than preserving unrealized branches.",The observed outcome is enough to supervise the model.,"Contact mode support, embodiment limits, and deployment perturbations.","Branch collapse, hidden-mode shift, and tail-risk planning failures.",Generic world models and generic uncertainty are crowded.,Embodied abstraction failure modes keeps action-critical alternatives explicit until a physical observation collapses them.
87,doi:10.1609/aaai.v40i16.38386,OpenDriveVLA: Towards End-to-end Autonomous Driving with Large Vision Language Action Model,2026,Proceedings of the AAAI Conference on Artificial Intelligence,https://doi.org/10.1609/aaai.v40i16.38386,Addresses abstraction in robot planning or a neighboring robotics mechanism.,"Prior work usually predicts, ranks, filters, or imitates observed behavior rather than preserving unrealized branches.",The observed outcome is enough to supervise the model.,"Contact mode support, embodiment limits, and deployment perturbations.","Branch collapse, hidden-mode shift, and tail-risk planning failures.",Generic world models and generic uncertainty are crowded.,Embodied abstraction failure modes keeps action-critical alternatives explicit until a physical observation collapses them.
88,doi:10.3390/drones9110803,Automated UAV Object Detector Design Using Large Language Model-Guided Architecture Search,2025,Drones,https://doi.org/10.3390/drones9110803,Addresses abstraction in robot planning or a neighboring robotics mechanism.,"Prior work usually predicts, ranks, filters, or imitates observed behavior rather than preserving unrealized branches.",The observed outcome is enough to supervise the model.,"Contact mode support, embodiment limits, and deployment perturbations.","Branch collapse, hidden-mode shift, and tail-risk planning failures.",Generic world models and generic uncertainty are crowded.,Embodied abstraction failure modes keeps action-critical alternatives explicit until a physical observation collapses them.
89,doi:10.3390/app15042179,A Comprehensive Review of Deep Learning Techniques in Mobile Robot Path Planning: Categorization and Analysis,2025,Applied Sciences,https://doi.org/10.3390/app15042179,Addresses abstraction in robot planning or a neighboring robotics mechanism.,"Prior work usually predicts, ranks, filters, or imitates observed behavior rather than preserving unrealized branches.",The observed outcome is enough to supervise the model.,"Contact mode support, embodiment limits, and deployment perturbations.","Branch collapse, hidden-mode shift, and tail-risk planning failures.",Generic world models and generic uncertainty are crowded.,Embodied abstraction failure modes keeps action-critical alternatives explicit until a physical observation collapses them.
90,doi:10.3390/buildings14082511,Utilizing Large Language Models to Illustrate Constraints for Construction Planning,2024,Buildings,https://doi.org/10.3390/buildings14082511,Addresses abstraction in robot planning or a neighboring robotics mechanism.,"Prior work usually predicts, ranks, filters, or imitates observed behavior rather than preserving unrealized branches.",The observed outcome is enough to supervise the model.,"Contact mode support, embodiment limits, and deployment perturbations.","Branch collapse, hidden-mode shift, and tail-risk planning failures.",Generic world models and generic uncertainty are crowded.,Embodied abstraction failure modes keeps action-critical alternatives explicit until a physical observation collapses them.
91,doi:10.1080/14664208.2016.1126216,Moving the field forward: a micro–meso–macro model for critical language planning. The case of Estonia,2016,Current Issues in Language Planning,https://doi.org/10.1080/14664208.2016.1126216,Addresses abstraction in robot planning or a neighboring robotics mechanism.,"Prior work usually predicts, ranks, filters, or imitates observed behavior rather than preserving unrealized branches.",The observed outcome is enough to supervise the model.,"Contact mode support, embodiment limits, and deployment perturbations.","Branch collapse, hidden-mode shift, and tail-risk planning failures.",Generic world models and generic uncertainty are crowded.,Embodied abstraction failure modes keeps action-critical alternatives explicit until a physical observation collapses them.
92,doi:10.1142/s2737480725500347,MUTP-LLM: Empowering Multi-UAV Task Planning with Large Language Models,2025,"Guidance, Navigation and Control",https://doi.org/10.1142/s2737480725500347,Addresses abstraction in robot planning or a neighboring robotics mechanism.,"Prior work usually predicts, ranks, filters, or imitates observed behavior rather than preserving unrealized branches.",The observed outcome is enough to supervise the model.,"Contact mode support, embodiment limits, and deployment perturbations.","Branch collapse, hidden-mode shift, and tail-risk planning failures.",Generic world models and generic uncertainty are crowded.,Embodied abstraction failure modes keeps action-critical alternatives explicit until a physical observation collapses them.
93,doi:10.1109/wacvw65960.2025.00119,ScVLM: Enhancing Vision-Language Model for Safety-Critical Event Understanding,2025,2025 IEEE/CVF Winter Conference on Applications of Computer Vision Workshops (WACVW),https://doi.org/10.1109/wacvw65960.2025.00119,Addresses abstraction in robot planning or a neighboring robotics mechanism.,"Prior work usually predicts, ranks, filters, or imitates observed behavior rather than preserving unrealized branches.",The observed outcome is enough to supervise the model.,"Contact mode support, embodiment limits, and deployment perturbations.","Branch collapse, hidden-mode shift, and tail-risk planning failures.",Generic world models and generic uncertainty are crowded.,Embodied abstraction failure modes keeps action-critical alternatives explicit until a physical observation collapses them.
94,doi:10.1609/icaps.v34i1.31506,SayNav: Grounding Large Language Models for Dynamic Planning to Navigation in New Environments,2024,Proceedings of the International Conference on Automated Planning and Scheduling,https://doi.org/10.1609/icaps.v34i1.31506,Addresses abstraction in robot planning or a neighboring robotics mechanism.,"Prior work usually predicts, ranks, filters, or imitates observed behavior rather than preserving unrealized branches.",The observed outcome is enough to supervise the model.,"Contact mode support, embodiment limits, and deployment perturbations.","Branch collapse, hidden-mode shift, and tail-risk planning failures.",Generic world models and generic uncertainty are crowded.,Embodied abstraction failure modes keeps action-critical alternatives explicit until a physical observation collapses them.
95,arxiv:2407.14872v1,Adapt2Reward: Adapting Video-Language Models to Generalizable Robotic Rewards via Failure Prompts,2024,arXiv,http://arxiv.org/abs/2407.14872v1,Addresses abstraction in robot planning or a neighboring robotics mechanism.,"Prior work usually predicts, ranks, filters, or imitates observed behavior rather than preserving unrealized branches.",The observed outcome is enough to supervise the model.,"Contact mode support, embodiment limits, and deployment perturbations.","Branch collapse, hidden-mode shift, and tail-risk planning failures.",Generic world models and generic uncertainty are crowded.,Embodied abstraction failure modes keeps action-critical alternatives explicit until a physical observation collapses them.
96,arxiv:2402.19294v1,Degradation Modeling and Prognostic Analysis Under Unknown Failure Modes,2024,arXiv,http://arxiv.org/abs/2402.19294v1,Addresses abstraction in robot planning or a neighboring robotics mechanism.,"Prior work usually predicts, ranks, filters, or imitates observed behavior rather than preserving unrealized branches.",The observed outcome is enough to supervise the model.,"Contact mode support, embodiment limits, and deployment perturbations.","Branch collapse, hidden-mode shift, and tail-risk planning failures.",Generic world models and generic uncertainty are crowded.,Embodied abstraction failure modes keeps action-critical alternatives explicit until a physical observation collapses them.
97,doi:10.1609/aaai.v40i29.39677,Continuous Vision-Language-Action Co-Learning with Semantic-Physical Alignment for Behavioral Cloning,2026,Proceedings of the AAAI Conference on Artificial Intelligence,https://doi.org/10.1609/aaai.v40i29.39677,Addresses abstraction in robot planning or a neighboring robotics mechanism.,"Prior work usually predicts, ranks, filters, or imitates observed behavior rather than preserving unrealized branches.",The observed outcome is enough to supervise the model.,"Contact mode support, embodiment limits, and deployment perturbations.","Branch collapse, hidden-mode shift, and tail-risk planning failures.",Generic world models and generic uncertainty are crowded.,Embodied abstraction failure modes keeps action-critical alternatives explicit until a physical observation collapses them.
98,doi:10.22541/au.177524426.60806944/v1,Safety of Vision-Language-Action Models: A Survey from Lifecycle Perspectives,,,https://doi.org/10.22541/au.177524426.60806944/v1,Addresses abstraction in robot planning or a neighboring robotics mechanism.,"Prior work usually predicts, ranks, filters, or imitates observed behavior rather than preserving unrealized branches.",The observed outcome is enough to supervise the model.,"Contact mode support, embodiment limits, and deployment perturbations.","Branch collapse, hidden-mode shift, and tail-risk planning failures.",Generic world models and generic uncertainty are crowded.,Embodied abstraction failure modes keeps action-critical alternatives explicit until a physical observation collapses them.
99,doi:10.54254/2755-2721/2025.tj22524,Vision-Language Model Security in Autonomous Driving: A Survey,2025,Applied and Computational Engineering,https://doi.org/10.54254/2755-2721/2025.tj22524,Addresses abstraction in robot planning or a neighboring robotics mechanism.,"Prior work usually predicts, ranks, filters, or imitates observed behavior rather than preserving unrealized branches.",The observed outcome is enough to supervise the model.,"Contact mode support, embodiment limits, and deployment perturbations.","Branch collapse, hidden-mode shift, and tail-risk planning failures.",Generic world models and generic uncertainty are crowded.,Embodied abstraction failure modes keeps action-critical alternatives explicit until a physical observation collapses them.
100,doi:10.1177/13621688211014551,Vision enhancement and language learning: A critical analysis of vision-building in an English for Academic Purposes programme,2021,Language Teaching Research,https://doi.org/10.1177/13621688211014551,Addresses abstraction in robot planning or a neighboring robotics mechanism.,"Prior work usually predicts, ranks, filters, or imitates observed behavior rather than preserving unrealized branches.",The observed outcome is enough to supervise the model.,"Contact mode support, embodiment limits, and deployment perturbations.","Branch collapse, hidden-mode shift, and tail-risk planning failures.",Generic world models and generic uncertainty are crowded.,Embodied abstraction failure modes keeps action-critical alternatives explicit until a physical observation collapses them.
